 Date,Description , Amount 
03/10/2026,TILLPOINT SETTLEMENT 0310,£527.97
02/10/2026,BACS  WAGES RUN 0210,-2050.00
02-10-26,TILLPOINT SETTLEMENT 0210,£622.25
01/10/2026,DD CANAL ROAD ESTATES RENT,"(1,850.00)"
01-10-26,TILLPOINT SETTLEMENT 0110,+£575.03
30/09/2026,TRADE TOOLS DIRECT,-£31.57
30 Sep 2026,TILLPOINT SETTLEMENT 3009,£530.83
29/09/2026,TILLPOINT  SETTLEMENT 2909,£484.65
28-09-26,BANK  CHARGES,(18.50)
28/09/2026, FUEL STN THORNTON RD ,-64.72
2026-09-28, TILLPOINT  SETTLEMENT 2809 ,518.95
26-09-26,TILLPOINT  SETTLEMENT 2609,£560.81
25 Sep 2026,BACS WAGES RUN 2509,-2186.40
2026-09-25,TILLPOINT SETTLEMENT 2509,562.75
24-09-26,FPI IDLE CABS LTD INV-1039,690.00
24-09-26,TILLPOINT SETTLEMENT 2409,559.08
23/09/2026,TILLPOINT SETTLEMENT 2309,490.20

22/09/2026,DD DALES TELECOM BROADBAND,-68.99
2026-09-22,TILLPOINT SETTLEMENT 2209,£463.44
2026-09-21,FUEL  STN THORNTON RD,(50.10)
21/09/2026, TILLPOINT SETTLEMENT 2109 ,495.93
20/09/2026,DD AIRE VALLEY FINANCE LIFT AGR,-385.00
19 Sep 2026,TILLPOINT SETTLEMENT 1909,574.84
18/09/2026, BACS WAGES RUN 1809 ,"2,050.00 DR"
18/09/2026,TILLPOINT SETTLEMENT 1809,+£595.07
17/09/2026,TILLPOINT SETTLEMENT 1709,517.05
16-09-26, TILLPOINT SETTLEMENT 1609 ,£560.01
15/09/2026,DD  NORTHERN GRID ENERGY REF 88213,-1236.80
2026-09-15,TILLPOINT SETTLEMENT 1509,+£485.17
2026-09-14,FPI SALTAIRE CATERING CO INV-1035,+£512.00
14-09-26,FUEL STN THORNTON RD,68.67 DR
14/09/2026, TILLPOINT SETTLEMENT 1409 ,£445.14
2026-09-12,OIL RECYCLING YORKS LTD,60.00 DR
12/09/2026,TILLPOINT SETTLEMENT 1209,526.62
11/09/2026,BACS WAGES RUN 1109,"(2,050.00)"
2026-09-11, TILLPOINT SETTLEMENT 1109 ,+£638.93
10/09/2026,DD WHITE ROSE INSURANCE POL 77-310,162.40 DR
10/09/2026,TILLPOINT  SETTLEMENT 1009,+£559.19
2026-09-09,TILLPOINT SETTLEMENT 0909,546.49
08-09-26,TILLPOINT SETTLEMENT 0809,£461.39
2026-09-07, FUEL  STN THORNTON RD ,-68.99
07-09-26,TILLPOINT SETTLEMENT 0709,£491.44
05 Sep 2026,DD PENNINE MOTOR FACTORS ACC 40213,"(2,452.90)"
05-09-26,TILLPOINT SETTLEMENT 0509,£528.02
2026-09-04,BACS  WAGES RUN 0409,-2050.00
04 Sep 2026,TILLPOINT SETTLEMENT 0409,£651.46
03/09/2026,TILLPOINT  SETTLEMENT 0309,573.03
02 Sep 2026, TILLPOINT  SETTLEMENT 0209 ,499.35
01-09-26,DD CANAL ROAD ESTATES RENT,-1850.00
2026-09-01, TILLPOINT  SETTLEMENT 0109 ,473.77
31 Aug 2026,FUEL  STN THORNTON RD,51.81 DR
31-08-26, TILLPOINT SETTLEMENT 3108 ,451.26
29/08/2026, TILLPOINT SETTLEMENT 2908 ,517.06
28/08/2026,BANK CHARGES,-18.50
28/08/2026, BACS WAGES RUN 2808 ,"2,186.40 DR"
28/08/2026,TILLPOINT  SETTLEMENT 2808,667.01
27/08/2026,FPI  BINGLEY FLORISTS INV-1033,£298.00
27-08-26,TILLPOINT SETTLEMENT 2708,£583.72
26-08-26,TILLPOINT SETTLEMENT 2608,526.37
25/08/2026,TILLPOINT  SETTLEMENT 2508,£551.72
24/08/2026,FUEL STN THORNTON RD,(65.78)
24-08-26,TILLPOINT  SETTLEMENT 2408,+£456.04
22-08-26,DD DALES TELECOM BROADBAND,-68.99
22/08/2026, TILLPOINT  SETTLEMENT 2208 ,509.21

21/08/2026,BACS WAGES RUN 2108,"-£2,050.00"
21/08/2026,TILLPOINT SETTLEMENT 2108,554.96
2026-08-20,DD  AIRE VALLEY FINANCE LIFT AGR,-£385.00
20-08-26,TILLPOINT  SETTLEMENT 2008,482.85
19/08/2026,TRADE TOOLS DIRECT,-69.11
19/08/2026,TILLPOINT SETTLEMENT 1908,504.10
18 Aug 2026,TILLPOINT  SETTLEMENT 1808,531.06
17/08/2026,FUEL STN THORNTON RD,-£69.55
17-08-26,TILLPOINT  SETTLEMENT 1708,+£509.64
2026-08-15, DD NORTHERN GRID ENERGY REF 88213 ,(391.30)
15/08/2026,TILLPOINT SETTLEMENT 1508,£571.62
14/08/2026,BACS WAGES RUN 1408,"2,050.00 DR"
14 Aug 2026,TILLPOINT SETTLEMENT 1408,+£673.83
13/08/2026, TILLPOINT SETTLEMENT 1308 ,567.61
12/08/2026, OIL  RECYCLING YORKS LTD ,(60.00)
2026-08-12,TRADE TOOLS DIRECT,-54.53
12/08/2026, TILLPOINT SETTLEMENT 1208 ,+£564.33
2026-08-11, TILLPOINT SETTLEMENT 1108 ,+£511.25
10-08-26, DD  WHITE ROSE INSURANCE POL 77-310 ,162.40 DR
10/08/2026,FUEL STN THORNTON RD,(68.16)
10/08/2026,TILLPOINT  SETTLEMENT 1008,+£449.32
08 Aug 2026,TILLPOINT SETTLEMENT 0808,520.95
2026-08-07, HMRC VAT 123456789 ,"4,781.64 DR"
07/08/2026,BACS WAGES RUN 0708,"(2,050.00)"
07/08/2026, TILLPOINT SETTLEMENT 0708 ,£586.29
2026-08-06, TILLPOINT  SETTLEMENT 0608 ,556.59
05-08-26,DD  PENNINE MOTOR FACTORS ACC 40213,"2,391.60 DR"
05/08/2026, TILLPOINT  SETTLEMENT 0508 ,+£587.02
2026-08-04, FPI THORNTON BUILDERS INV-1027 ,860.00
04 Aug 2026, TILLPOINT SETTLEMENT 0408 ,512.00
03 Aug 2026,FUEL STN THORNTON RD,(45.81)
03-08-26,TILLPOINT SETTLEMENT 0308,£486.67
01 Aug 2026,DD CANAL ROAD ESTATES RENT,"1,850.00 DR"
01 Aug 2026,TILLPOINT  SETTLEMENT 0108,£498.55
31/07/2026,BACS WAGES RUN 3107,"2,050.00 DR"
2026-07-31,TILLPOINT SETTLEMENT 3107,620.63
30 Jul 2026,TILLPOINT SETTLEMENT 3007,+£585.25
29 Jul 2026,TRADE  TOOLS DIRECT,-£32.54
29/07/2026,TILLPOINT SETTLEMENT 2907,+£572.33
28/07/2026,BANK CHARGES,(18.50)
28 Jul 2026, TILLPOINT  SETTLEMENT 2807 ,£486.32
27/07/2026, FUEL STN THORNTON RD ,-55.28
2026-07-27,TILLPOINT  SETTLEMENT 2707,£445.15
25 Jul 2026,TILLPOINT SETTLEMENT 2507,£493.19
24 Jul 2026,BACS  WAGES RUN 2407,"(2,050.00)"
2026-07-24,TILLPOINT SETTLEMENT 2407,+£616.59
23-07-26,TILLPOINT SETTLEMENT 2307,£534.42
22/07/2026,DD  DALES TELECOM BROADBAND,(68.99)
22 Jul 2026,TILLPOINT SETTLEMENT 2207,£575.83
21/07/2026,TILLPOINT  SETTLEMENT 2107,472.93
20-07-26, DD AIRE VALLEY FINANCE LIFT AGR ,(385.00)
20 Jul 2026, FUEL  STN THORNTON RD ,-55.92
20/07/2026,TILLPOINT SETTLEMENT 2007,+£469.96
18 Jul 2026,TILLPOINT  SETTLEMENT 1807,£512.27
17/07/2026,BACS  WAGES RUN 1707,"2,050.00 DR"
17/07/2026,TILLPOINT SETTLEMENT 1707,576.45
16/07/2026,FPI  IDLE CABS LTD INV-1024,+£715.00
16/07/2026,TILLPOINT SETTLEMENT 1607,+£551.64
15/07/2026,DD  NORTHERN GRID ENERGY REF 88213,(379.90)
2026-07-15,TRADE TOOLS DIRECT,-126.18
15 Jul 2026,TILLPOINT SETTLEMENT 1507,£524.80
14 Jul 2026,TILLPOINT SETTLEMENT 1407,£471.84
13/07/2026,FUEL STN THORNTON RD,(49.54)
13/07/2026,TILLPOINT  SETTLEMENT 1307,437.32
12/07/2026,OIL RECYCLING YORKS LTD,(60.00)
2026-07-11, TILLPOINT SETTLEMENT 1107 ,491.89
10-07-26,DD  WHITE ROSE INSURANCE POL 77-310,-162.40
2026-07-10, BACS WAGES RUN 1007 ,"(2,050.00)"
10/07/2026,TILLPOINT  SETTLEMENT 1007,£601.59
09-07-26, TILLPOINT SETTLEMENT 0907 ,£504.08
08 Jul 2026,TRADE TOOLS DIRECT,-52.96
08 Jul 2026, TILLPOINT  SETTLEMENT 0807 ,+£493.43
07/07/2026,TILLPOINT SETTLEMENT 0707,£527.70
06 Jul 2026,FPI AIREDALE COURIERS INV-1021,1325.00
06/07/2026,FUEL STN THORNTON RD,48.11 DR
06/07/2026,TILLPOINT  SETTLEMENT 0607,+£477.18
05 Jul 2026,DD  PENNINE MOTOR FACTORS ACC 40213,"(2,463.25)"

2026-07-04,TILLPOINT SETTLEMENT 0407,£529.83
03/07/2026, BACS  WAGES RUN 0307 ,"(2,186.40)"
03/07/2026,TILLPOINT SETTLEMENT 0307,660.03
2026-07-02,TILLPOINT SETTLEMENT 0207,582.43
01/07/2026,DD  CANAL ROAD ESTATES RENT,"1,850.00 DR"
01-07-26, TILLPOINT SETTLEMENT 0107 ,585.34
30 Jun 2026,TILLPOINT  SETTLEMENT 3006,+£469.15
29 Jun 2026, FUEL  STN THORNTON RD ,-£65.29
29/06/2026,TILLPOINT  SETTLEMENT 2906,+£499.63
2026-06-28,BANK CHARGES,-£18.50
2026-06-27,TILLPOINT SETTLEMENT 2706,544.42
2026-06-26,BACS  WAGES RUN 2606,"-£2,050.00"
26/06/2026, TILLPOINT SETTLEMENT 2606 ,+£648.15
25 Jun 2026,TILLPOINT SETTLEMENT 2506,592.32
24 Jun 2026, TRADE TOOLS DIRECT ,(92.30)
24/06/2026,TILLPOINT  SETTLEMENT 2406,534.47
23/06/2026,TILLPOINT SETTLEMENT 2306,465.08
22 Jun 2026,DD DALES TELECOM BROADBAND,-£68.99
22-06-26,FUEL  STN THORNTON RD,-52.88
22 Jun 2026, TILLPOINT  SETTLEMENT 2206 ,+£498.00
20-06-26,DD AIRE VALLEY FINANCE LIFT AGR,-£385.00
20/06/2026, TILLPOINT  SETTLEMENT 2006 ,£542.36
19 Jun 2026,FPI CALDER PLUMBING & HEATING INV-1018,980.00
19/06/2026,BACS  WAGES RUN 1906,-2050.00
19-06-26,TILLPOINT SETTLEMENT 1906,£592.43
2026-06-18,TILLPOINT  SETTLEMENT 1806,515.17
2026-06-17, TRADE TOOLS DIRECT ,-49.38
17/06/2026, TILLPOINT  SETTLEMENT 1706 ,+£594.38
16/06/2026,TILLPOINT SETTLEMENT 1606,£557.24
15-06-26,DD NORTHERN GRID ENERGY REF 88213,-£386.40
15 Jun 2026, FUEL STN THORNTON RD ,(55.76)
15/06/2026,TILLPOINT SETTLEMENT 1506,£482.10
2026-06-13, TILLPOINT  SETTLEMENT 1306 ,+£521.09
12-06-26, OIL  RECYCLING YORKS LTD ,-60.00
12 Jun 2026,BACS WAGES RUN 1206,"-£2,050.00"
12/06/2026,TILLPOINT SETTLEMENT 1206,672.91
11/06/2026,TILLPOINT  SETTLEMENT 1106,£580.45
10/06/2026, DD WHITE ROSE INSURANCE POL 77-310 ,-162.40
10/06/2026,TRADE TOOLS DIRECT,127.17 DR
10/06/2026, TILLPOINT SETTLEMENT 1006 ,£540.24
09 Jun 2026, FPI WHARFE VALLEY TAXIS INV-1015 ,"£1,540.00"
09 Jun 2026, TILLPOINT SETTLEMENT 0906 ,+£475.16
08/06/2026,FUEL STN THORNTON RD,71.14 DR
08 Jun 2026,TILLPOINT SETTLEMENT 0806,480.81
06/06/2026,TILLPOINT SETTLEMENT 0606,518.92
05 Jun 2026,DD PENNINE MOTOR FACTORS ACC 40213,"2,447.80 DR"
05/06/2026,BACS WAGES RUN 0506,"-£2,050.00"
05 Jun 2026,TILLPOINT SETTLEMENT 0506,£582.08
04 Jun 2026,TILLPOINT SETTLEMENT 0406,£576.20
03/06/2026,TRADE  TOOLS DIRECT,(36.48)
03/06/2026,TILLPOINT SETTLEMENT 0306,+£510.72
02-06-26,TILLPOINT  SETTLEMENT 0206,£515.88
01-06-26, DD  CANAL ROAD ESTATES RENT ,"(1,850.00)"
01 Jun 2026,FUEL STN THORNTON RD,-45.68
2026-06-01,TILLPOINT  SETTLEMENT 0106,509.28
2026-05-30,TILLPOINT  SETTLEMENT 3005,535.25
29/05/2026,BACS WAGES RUN 2905,-2050.00
29/05/2026,TILLPOINT SETTLEMENT 2905,£602.98
28 May 2026,BANK  CHARGES,(18.50)
28-05-26,TILLPOINT  SETTLEMENT 2805,£583.41
27/05/2026,TILLPOINT SETTLEMENT 2705,£564.43
26/05/2026,TILLPOINT SETTLEMENT 2605,+£542.05
25/05/2026,FUEL STN THORNTON RD,(46.82)
25-05-26,TILLPOINT SETTLEMENT 2505,510.00
23 May 2026,TILLPOINT SETTLEMENT 2305,546.17
2026-05-22,DD DALES TELECOM BROADBAND,-£68.99
22/05/2026,BACS WAGES RUN 2205,-2186.40
22 May 2026,TILLPOINT SETTLEMENT 2205,687.74
21/05/2026,FPI SALTAIRE CATERING CO INV-1012,£455.50
21/05/2026,TILLPOINT SETTLEMENT 2105,586.73
20-05-26, DD AIRE VALLEY FINANCE LIFT AGR ,-385.00
20/05/2026,TRADE TOOLS DIRECT,-£80.18
20/05/2026,TILLPOINT SETTLEMENT 2005,+£559.92
19/05/2026, TILLPOINT  SETTLEMENT 1905 ,+£542.64
18/05/2026,FUEL  STN THORNTON RD,(54.41)
2026-05-18,TILLPOINT SETTLEMENT 1805,£532.09
16/05/2026,TILLPOINT  SETTLEMENT 1605,558.31
15/05/2026,DD NORTHERN GRID ENERGY REF 88213,(398.20)
15/05/2026,BACS  WAGES RUN 1505,"(2,050.00)"
15/05/2026,TILLPOINT SETTLEMENT 1505,£666.51
2026-05-14, TILLPOINT SETTLEMENT 1405 ,569.15
13/05/2026,TRADE TOOLS DIRECT,34.31 DR
13 May 2026,TILLPOINT  SETTLEMENT 1305,£512.47
12-05-26,OIL  RECYCLING YORKS LTD,(60.00)
12-05-26,TILLPOINT SETTLEMENT 1205,£550.36
2026-05-11,FUEL STN THORNTON RD,(57.54)
2026-05-11,TILLPOINT  SETTLEMENT 1105,+£458.16
10/05/2026,DD WHITE ROSE INSURANCE POL 77-310,(162.40)
09/05/2026,TILLPOINT  SETTLEMENT 0905,£604.49
2026-05-08,FPI SHIPLEY VAN HIRE INV-1009,"+£2,210.00"
08-05-26,BACS WAGES RUN 0805,"-£2,050.00"
08/05/2026,TILLPOINT  SETTLEMENT 0805,+£607.55
07 May 2026,HMRC VAT 123456789,"-£4,418.36"
07/05/2026,TILLPOINT SETTLEMENT 0705,£577.21
06/05/2026,TRADE  TOOLS DIRECT,126.27 DR
06/05/2026,TILLPOINT SETTLEMENT 0605,560.28
05-05-26, DD PENNINE MOTOR FACTORS ACC 40213 ,"2,511.40 DR"
05-05-26, TILLPOINT SETTLEMENT 0505 ,£497.78
04/05/2026,FUEL STN THORNTON RD,-£65.97
04/05/2026,TILLPOINT SETTLEMENT 0405,526.45
2026-05-02, TILLPOINT SETTLEMENT 0205 ,+£530.64
2026-05-01,DD CANAL ROAD ESTATES RENT,"(1,850.00)"
01/05/2026, BACS  WAGES RUN 0105 ,"-£2,050.00"
01-05-26, TILLPOINT  SETTLEMENT 0105 ,£629.95
30/04/2026, TILLPOINT SETTLEMENT 3004 ,+£562.60
29-04-26, TRADE TOOLS DIRECT ,(64.56)
29/04/2026,TILLPOINT SETTLEMENT 2904,+£573.28
28 Apr 2026, BANK CHARGES ,18.50 DR
28/04/2026, TILLPOINT SETTLEMENT 2804 ,+£494.90
27 Apr 2026, FPI THORNTON BUILDERS INV-1006 ,1180.00
27 Apr 2026,FUEL  STN THORNTON RD,-46.79
27/04/2026,TILLPOINT SETTLEMENT 2704,+£454.73
25/04/2026,TILLPOINT  SETTLEMENT 2504,+£559.32
2026-04-24,BACS WAGES RUN 2404,"(2,050.00)"
24-04-26,TILLPOINT SETTLEMENT 2404,£621.08
23/04/2026, TILLPOINT SETTLEMENT 2304 ,569.79
22/04/2026,DD DALES TELECOM BROADBAND,-68.99
2026-04-22,TRADE  TOOLS DIRECT,-93.98
22 Apr 2026,TILLPOINT SETTLEMENT 2204,+£589.63
21-04-26,TILLPOINT SETTLEMENT 2104,+£506.83
20/04/2026,DD AIRE VALLEY FINANCE LIFT AGR,-385.00
20-04-26,FUEL STN THORNTON RD,(48.53)
20-04-26,TILLPOINT SETTLEMENT 2004,£463.90
18/04/2026, TILLPOINT  SETTLEMENT 1804 ,+£531.92
17/04/2026, BACS WAGES RUN 1704 ,"-£2,050.00"
17/04/2026,TILLPOINT  SETTLEMENT 1704,+£684.58
16/04/2026,TILLPOINT SETTLEMENT 1604,£505.26
15-04-26, DD NORTHERN GRID ENERGY REF 88213 ,-£412.60
15 Apr 2026,TRADE  TOOLS DIRECT,-£137.39
15/04/2026,TILLPOINT  SETTLEMENT 1504,+£564.40
14/04/2026,TILLPOINT SETTLEMENT 1404,575.50
13 Apr 2026, FUEL  STN THORNTON RD ,-63.82
2026-04-13,TILLPOINT SETTLEMENT 1304,£472.86
2026-04-12,OIL  RECYCLING YORKS LTD,60.00 DR
2026-04-11,TILLPOINT SETTLEMENT 1104,514.67
2026-04-10, DD WHITE ROSE INSURANCE POL 77-310 ,(162.40)
10/04/2026,BACS WAGES RUN 1004,"2,050.00 DR"
10 Apr 2026,TILLPOINT SETTLEMENT 1004,£682.08
09/04/2026,FPI IDLE CABS LTD INV-1003,640.00
09/04/2026,TILLPOINT SETTLEMENT 0904,£548.49
08/04/2026, TRADE TOOLS DIRECT ,-39.98
08 Apr 2026,TILLPOINT SETTLEMENT 0804,+£549.69
2026-04-07, TILLPOINT SETTLEMENT 0704 ,£480.43
06/04/2026, FUEL STN THORNTON RD ,-£60.22
06 Apr 2026,TILLPOINT SETTLEMENT 0604,£457.34
2026-04-05,DD PENNINE MOTOR FACTORS ACC 40213,"(2,382.15)"
04/04/2026,TILLPOINT SETTLEMENT 0404,542.81
03/04/2026,BACS WAGES RUN 0304,-2050.00
03 Apr 2026,TILLPOINT SETTLEMENT 0304,646.28
02/04/2026,TILLPOINT SETTLEMENT 0204,+£510.42
01/04/2026,DD CANAL ROAD ESTATES RENT,-1850.00
01 Apr 2026,TRADE TOOLS DIRECT,-101.60
01 Apr 2026,TILLPOINT SETTLEMENT 0104,+£538.66
01/04/2026,BALANCE  BROUGHT FORWARD,"+£8,398.40"
